08/22/2017,michael+thomas,saints,"/search?q=michael+thomas+saints&tbm=nws&tbs=cdr:1,cd_min:7/1/2016,cd_max:9/10/2016&safe=active&gbv=1&sei=YPCcWZSbGcu8jwPM4rDADw"
08/22/2017,michael+thomas,saints,https://www.youtube.com/?gl=US
08/22/2017,michael+thomas,saints,https://www.blogger.com/?tab=nj
08/22/2017,michael+thomas,saints,#
08/22/2017,michael+thomas,saints,/search?q=michael+thomas+saints&safe=active&source=lnms&sa=X&ved=0ahUKEwiUy-yWr-zVAhVL3mMKHUwxDPgQ_AUICSgA
08/22/2017,michael+thomas,saints,"/search?q=michael+thomas+saints&safe=active&tbs=cdr:1,cd_min:7/1/2016,cd_max:9/10/2016&tbm=isch&source=lnms&sa=X&ved=0ahUKEwiUy-yWr-zVAhVL3mMKHUwxDPgQ_AUICygC"
08/22/2017,michael+thomas,saints,"/search?q=michael+thomas+saints&safe=active&tbs=cdr:1,cd_min:7/1/2016,cd_max:9/10/2016&tbm=vid&source=lnms&sa=X&ved=0ahUKEwiUy-yWr-zVAhVL3mMKHUwxDPgQ_AUIDCgD"
08/22/2017,michael+thomas,saints,/search?q=michael+thomas+saints&safe=active&tbm=shop&source=lnms&sa=X&ved=0ahUKEwiUy-yWr-zVAhVL3mMKHUwxDPgQ_AUIDSgE
08/22/2017,michael+thomas,saints,"/search?q=michael+thomas+saints&safe=active&tbs=cdr:1,cd_min:7/1/2016,cd_max:9/10/2016&tbm=bks&source=lnms"
08/22/2017,michael+thomas,saints,/preferences
08/22/2017,michael+thomas,saints,/history/optout?hl=en
08/22/2017,michael+thomas,saints,/search?q=michael+thomas+saints&safe=active&tbs=nrt:b&tbm=nws&source=lnt&sa=X&ved=0ahUKEwiUy-yWr-zVAhVL3mMKHUwxDPgQpwUIHQ
08/22/2017,michael+thomas,saints,/search?q=michael+thomas+saints&safe=active&tbm=nws&tbas=0&source=lnt&sa=X&ved=0ahUKEwiUy-yWr-zVAhVL3mMKHUwxDPgQpwUIHQ
08/22/2017,michael+thomas,saints,/search?q=michael+thomas+saints&safe=active&tbs=qdr:h&tbm=nws&source=lnt&sa=X&ved=0ahUKEwiUy-yWr-zVAhVL3mMKHUwxDPgQpwUIHQ
08/22/2017,michael+thomas,saints,/search?q=michael+thomas+saints&safe=active&tbs=qdr:d&tbm=nws&source=lnt&sa=X&ved=0ahUKEwiUy-yWr-zVAhVL3mMKHUwxDPgQpwUIHQ
08/22/2017,michael+thomas,saints,/search?q=michael+thomas+saints&safe=active&tbs=qdr:w&tbm=nws&source=lnt&sa=X&ved=0ahUKEwiUy-yWr-zVAhVL3mMKHUwxDPgQpwUIHQ
08/22/2017,michael+thomas,saints,/search?q=michael+thomas+saints&safe=active&tbs=qdr:m&tbm=nws&source=lnt&sa=X&ved=0ahUKEwiUy-yWr-zVAhVL3mMKHUwxDPgQpwUIHQ
08/22/2017,michael+thomas,saints,/search?q=michael+thomas+saints&safe=active&tbs=qdr:y&tbm=nws&source=lnt&sa=X&ved=0ahUKEwiUy-yWr-zVAhVL3mMKHUwxDPgQpwUIHQ
08/22/2017,michael+thomas,saints,/search?q=michael+thomas+saints&safe=active&tbs=ar:1&tbm=nws&source=lnt&sa=X&ved=0ahUKEwiUy-yWr-zVAhVL3mMKHUwxDPgQpwUIHQ
08/22/2017,michael+thomas,saints,"/search?q=michael+thomas+saints&safe=active&tbs=cdr:1,cd_min:7/1/2016,cd_max:9/10/2016,sbd:1&tbm=nws&source=lnt&sa=X&ved=0ahUKEwiUy-yWr-zVAhVL3mMKHUwxDPgQpwUIHQ"
08/22/2017,michael+thomas,saints,http://www.espn.com/blog/nflnation/post/_/id/209771/wr-michael-thomas-revamped-d-breathe-new-life-into-saints-in-loss-to-patriots
08/22/2017,michael+thomas,saints,http://www.espn.com/blog/nflnation/post/_/id/209771/wr-michael-thomas-revamped-d-breathe-new-life-into-saints-in-loss-to-patriots
08/22/2017,michael+thomas,saints,http://www.nola.com/saints/index.ssf/2016/08/new_orleans_saints_rookie_mich.html
08/22/2017,michael+thomas,saints,http://www.theadvocate.com/new_orleans/sports/saints/article_f0f9f8f4-602f-11e6-8c0a-17dd2bf1f89d.html
08/22/2017,michael+thomas,saints,https://www.elevenwarriors.com/ohio-state-football/2016/08/72928/video-michael-thomas-hauls-in-two-beautiful-catches-in-nfl-debut-with-new-orleans-saints
08/22/2017,michael+thomas,saints,http://wgno.com/2016/08/11/ed-itorial-analysis-of-patriots-34-saints-22/
08/22/2017,michael+thomas,saints,http://boston.cbslocal.com/2016/08/11/patriots-live-blog-all-eyes-on-jimmy-garoppolo-as-saints-visit-foxboro/
08/22/2017,michael+thomas,saints,http://www.nola.com/saints/index.ssf/2016/08/new_orleans_saints_rookie_mich.html
08/22/2017,michael+thomas,saints,http://www.theadvocate.com/new_orleans/sports/saints/article_f0f9f8f4-602f-11e6-8c0a-17dd2bf1f89d.html
08/22/2017,michael+thomas,saints,https://www.elevenwarriors.com/ohio-state-football/2016/08/72928/video-michael-thomas-hauls-in-two-beautiful-catches-in-nfl-debut-with-new-orleans-saints
08/22/2017,michael+thomas,saints,http://wgno.com/2016/08/11/ed-itorial-analysis-of-patriots-34-saints-22/
08/22/2017,michael+thomas,saints,http://www.denverpost.com/2016/08/11/new-england-patriots-new-orleans-saints-week-1-preseason/
08/22/2017,michael+thomas,saints,http://boston.cbslocal.com/2016/08/11/patriots-live-blog-all-eyes-on-jimmy-garoppolo-as-saints-visit-foxboro/
08/22/2017,michael+thomas,saints,https://www.elevenwarriors.com/ohio-state-football/2016/09/73860/new-orleans-saints-list-michael-thomas-as-starting-wide-receiver
08/22/2017,michael+thomas,saints,https://www.elevenwarriors.com/ohio-state-football/2016/09/73860/new-orleans-saints-list-michael-thomas-as-starting-wide-receiver
08/22/2017,michael+thomas,saints,http://www.nola.com/saints/index.ssf/2016/09/new_orleans_saints_injury_repo_106.html
08/22/2017,michael+thomas,saints,http://www.theadvocate.com/new_orleans/sports/saints/article_af7af0e6-75f5-11e6-9b39-8b295737b0ff.html
08/22/2017,michael+thomas,saints,http://thespun.com/college-football/michael-thomas-named-a-starting-wide-receiver-for-the-saints
08/22/2017,michael+thomas,saints,https://whodatdish.com/2016/09/08/saints-release-first-depth-chart-for-2016-season/
08/22/2017,michael+thomas,saints,http://www.nola.com/saints/index.ssf/2016/09/new_orleans_saints_injury_repo_106.html
08/22/2017,michael+thomas,saints,http://www.theadvocate.com/new_orleans/sports/saints/article_af7af0e6-75f5-11e6-9b39-8b295737b0ff.html
08/22/2017,michael+thomas,saints,http://thespun.com/college-football/michael-thomas-named-a-starting-wide-receiver-for-the-saints
08/22/2017,michael+thomas,saints,https://whodatdish.com/2016/09/08/saints-release-first-depth-chart-for-2016-season/
08/22/2017,michael+thomas,saints,http://www.sunherald.com/sports/nfl/new-orleans-saints/brian-allee-walsh/article101096707.html
08/22/2017,michael+thomas,saints,http://www.theadvocate.com/new_orleans/sports/saints/article_2f19b20e-5776-11e6-a65b-6b03d8991973.html
08/22/2017,michael+thomas,saints,http://www.theadvocate.com/new_orleans/sports/saints/article_2f19b20e-5776-11e6-a65b-6b03d8991973.html
08/22/2017,michael+thomas,saints,http://www.sunherald.com/sports/nfl/new-orleans-saints/article93599277.html
08/22/2017,michael+thomas,saints,http://nflmocks.com/2016/08/02/new-orleans-saints-rookie-wr-michael-thomas-impressing/
08/22/2017,michael+thomas,saints,http://www.nola.com/saints/index.ssf/2016/07/michael_thomas_brandin_cooks_d.html
08/22/2017,michael+thomas,saints,http://www.nola.com/saints/index.ssf/2016/07/michael_thomas_brandin_cooks_d.html
08/22/2017,michael+thomas,saints,http://www.wdsu.com/article/rookie-wide-receiver-michael-thomas-dazzles-at-saints-training-camp-day-two/3609001
08/22/2017,michael+thomas,saints,http://campussports.net/2016/07/29/video-michael-thomas-makes-one-handed-snag-at-saints-camp/
08/22/2017,michael+thomas,saints,http://www.espn.com/blog/new-orleans-saints/post/_/id/22954/sean-paytons-fantasy-advice-on-michael-thomas-shoot-id-try-to-have-him
08/22/2017,michael+thomas,saints,http://www.espn.com/blog/new-orleans-saints/post/_/id/22954/sean-paytons-fantasy-advice-on-michael-thomas-shoot-id-try-to-have-him
08/22/2017,michael+thomas,saints,https://www.cbssports.com/nfl/news/sean-payton-names-this-saints-receiver-as-one-fantasy-football-owners-should-draft/
08/22/2017,michael+thomas,saints,http://profootballtalk.nbcsports.com/2016/08/24/sean-payton-id-try-to-get-michael-thomas-in-fantasy-football/
08/22/2017,michael+thomas,saints,https://www.canalstreetchronicles.com/2016/8/18/12535582/watch-saints-michael-thomas-makes-another-highlight-reel-catch
08/22/2017,michael+thomas,saints,https://www.canalstreetchronicles.com/2016/8/18/12535582/watch-saints-michael-thomas-makes-another-highlight-reel-catch
08/22/2017,michael+thomas,saints,http://whodatdish.com/2016/08/18/new-orleans-saints-play-of-the-day-august-18-2016/
08/22/2017,michael+thomas,saints,http://houston.cbslocal.com/2016/08/18/deandre-hopkins-is-a-big-deal-to-saints-players/
08/22/2017,michael+thomas,saints,http://www.pennlive.com/fantasy_football/2016/08/fantasy_football_2016_sleepers_6.html
08/22/2017,michael+thomas,saints,http://www.pennlive.com/fantasy_football/2016/08/fantasy_football_2016_sleepers_6.html
08/22/2017,michael+thomas,saints,http://www.nola.com/saints/index.ssf/2016/08/boomer_esiason_without_extensi.html
08/22/2017,michael+thomas,saints,http://www.sunherald.com/sports/article97372407.html
08/22/2017,michael+thomas,saints,http://www.nola.com/saints/index.ssf/2016/08/drew_brees_shines_outduels_tom.html
08/22/2017,michael+thomas,saints,http://www.nola.com/saints/index.ssf/2016/08/drew_brees_shines_outduels_tom.html
08/22/2017,michael+thomas,saints,http://nesn.com/2016/08/patriots-joint-practice-observations-cyrus-jones-stands-out-vs-saints/
08/22/2017,michael+thomas,saints,http://www.espn.com/blog/new-orleans-saints/post/_/id/22675/saints-patriots-primer-who-to-watch-besides-brady-brees-and-gronk
08/22/2017,michael+thomas,saints,https://nflspinzone.com/2016/07/22/new-orelans-saints-training-camp-willie-snead-vs-michael-thomas/
08/22/2017,michael+thomas,saints,https://nflspinzone.com/2016/07/22/new-orelans-saints-training-camp-willie-snead-vs-michael-thomas/
08/22/2017,michael+thomas,saints,https://www.upi.com/Sports_News/2016/07/22/NFL-Summer-Reset-New-Orleans-Saints-defense-has-bounty-of-problems/3741469162322/
08/22/2017,michael+thomas,saints,https://www.si.com/fantasy/2016/07/22/drew-brees-fantasy-football-2016-draft-prep
08/22/2017,michael+thomas,saints,http://www.nfl.com/news/story/0ap3000000684137/article/saints-stud-wr-michael-thomas-dazzles-in-opener
08/22/2017,michael+thomas,saints,http://www.nfl.com/news/story/0ap3000000684137/article/saints-stud-wr-michael-thomas-dazzles-in-opener
08/22/2017,michael+thomas,saints,https://www.cbssports.com/fantasy/football/news/saints-brandon-coleman-zero-receptions-in-preseason-opener/
08/22/2017,michael+thomas,saints,http://www.sunherald.com/sports/nfl/new-orleans-saints/article95505562.html
08/22/2017,michael+thomas,saints,http://www.espn.com/blog/nflnation/post/_/id/209811/sean-payton-in-no-mood-to-put-optimistic-spin-on-saints-opener
08/22/2017,michael+thomas,saints,"/search?q=michael+thomas+saints&safe=active&tbs=cdr:1,cd_min:7/1/2016,cd_max:9/10/2016&tbm=nws&ei=YPCcWZSbGcu8jwPM4rDADw&start=10&sa=N"
08/22/2017,michael+thomas,saints,"/search?q=michael+thomas+saints&safe=active&tbs=cdr:1,cd_min:7/1/2016,cd_max:9/10/2016&tbm=nws&ei=YPCcWZSbGcu8jwPM4rDADw&start=20&sa=N"
08/22/2017,michael+thomas,saints,"/search?q=michael+thomas+saints&safe=active&tbs=cdr:1,cd_min:7/1/2016,cd_max:9/10/2016&tbm=nws&ei=YPCcWZSbGcu8jwPM4rDADw&start=30&sa=N"
08/22/2017,michael+thomas,saints,"/search?q=michael+thomas+saints&safe=active&tbs=cdr:1,cd_min:7/1/2016,cd_max:9/10/2016&tbm=nws&ei=YPCcWZSbGcu8jwPM4rDADw&start=40&sa=N"
08/22/2017,michael+thomas,saints,"/search?q=michael+thomas+saints&safe=active&tbs=cdr:1,cd_min:7/1/2016,cd_max:9/10/2016&tbm=nws&ei=YPCcWZSbGcu8jwPM4rDADw&start=50&sa=N"
08/22/2017,michael+thomas,saints,"/search?q=michael+thomas+saints&safe=active&tbs=cdr:1,cd_min:7/1/2016,cd_max:9/10/2016&tbm=nws&ei=YPCcWZSbGcu8jwPM4rDADw&start=60&sa=N"
08/22/2017,michael+thomas,saints,"/search?q=michael+thomas+saints&safe=active&tbs=cdr:1,cd_min:7/1/2016,cd_max:9/10/2016&tbm=nws&ei=YPCcWZSbGcu8jwPM4rDADw&start=70&sa=N"
08/22/2017,michael+thomas,saints,"/search?q=michael+thomas+saints&safe=active&tbs=cdr:1,cd_min:7/1/2016,cd_max:9/10/2016&tbm=nws&ei=YPCcWZSbGcu8jwPM4rDADw&start=80&sa=N"
08/22/2017,michael+thomas,saints,"/search?q=michael+thomas+saints&safe=active&tbs=cdr:1,cd_min:7/1/2016,cd_max:9/10/2016&tbm=nws&ei=YPCcWZSbGcu8jwPM4rDADw&start=90&sa=N"
08/22/2017,michael+thomas,saints,"/search?q=michael+thomas+saints&safe=active&tbs=cdr:1,cd_min:7/1/2016,cd_max:9/10/2016&tbm=nws&ei=YPCcWZSbGcu8jwPM4rDADw&start=10&sa=N"
08/22/2017,michael+thomas,saints,javascript:void(0)
08/22/2017,michael+thomas,saints,"/search?q=michael+thomas+saints&tbm=nws&tbs=cdr:1,cd_min:7/1/2016,cd_max:9/10/2016&safe=active&gbv=1&sei=PvacWeqgE9jojwOK44Uw"
08/22/2017,michael+thomas,saints,https://www.youtube.com/?gl=US
08/22/2017,michael+thomas,saints,https://www.blogger.com/?tab=nj
08/22/2017,michael+thomas,saints,#
08/22/2017,michael+thomas,saints,/search?q=michael+thomas+saints&safe=active&source=lnms&sa=X&ved=0ahUKEwjqt4HjtOzVAhVY9GMKHYpxAQYQ_AUICSgA
08/22/2017,michael+thomas,saints,"/search?q=michael+thomas+saints&safe=active&tbs=cdr:1,cd_min:7/1/2016,cd_max:9/10/2016&tbm=isch&source=lnms&sa=X&ved=0ahUKEwjqt4HjtOzVAhVY9GMKHYpxAQYQ_AUICygC"
08/22/2017,michael+thomas,saints,"/search?q=michael+thomas+saints&safe=active&tbs=cdr:1,cd_min:7/1/2016,cd_max:9/10/2016&tbm=vid&source=lnms&sa=X&ved=0ahUKEwjqt4HjtOzVAhVY9GMKHYpxAQYQ_AUIDCgD"
08/22/2017,michael+thomas,saints,/search?q=michael+thomas+saints&safe=active&tbm=shop&source=lnms&sa=X&ved=0ahUKEwjqt4HjtOzVAhVY9GMKHYpxAQYQ_AUIDSgE
08/22/2017,michael+thomas,saints,"/search?q=michael+thomas+saints&safe=active&tbs=cdr:1,cd_min:7/1/2016,cd_max:9/10/2016&tbm=bks&source=lnms"
08/22/2017,michael+thomas,saints,/preferences
08/22/2017,michael+thomas,saints,/history/optout?hl=en
08/22/2017,michael+thomas,saints,/search?q=michael+thomas+saints&safe=active&tbs=nrt:b&tbm=nws&source=lnt&sa=X&ved=0ahUKEwjqt4HjtOzVAhVY9GMKHYpxAQYQpwUIHQ
08/22/2017,michael+thomas,saints,/search?q=michael+thomas+saints&safe=active&tbm=nws&tbas=0&source=lnt&sa=X&ved=0ahUKEwjqt4HjtOzVAhVY9GMKHYpxAQYQpwUIHQ
08/22/2017,michael+thomas,saints,/search?q=michael+thomas+saints&safe=active&tbs=qdr:h&tbm=nws&source=lnt&sa=X&ved=0ahUKEwjqt4HjtOzVAhVY9GMKHYpxAQYQpwUIHQ
08/22/2017,michael+thomas,saints,/search?q=michael+thomas+saints&safe=active&tbs=qdr:d&tbm=nws&source=lnt&sa=X&ved=0ahUKEwjqt4HjtOzVAhVY9GMKHYpxAQYQpwUIHQ
08/22/2017,michael+thomas,saints,/search?q=michael+thomas+saints&safe=active&tbs=qdr:w&tbm=nws&source=lnt&sa=X&ved=0ahUKEwjqt4HjtOzVAhVY9GMKHYpxAQYQpwUIHQ
08/22/2017,michael+thomas,saints,/search?q=michael+thomas+saints&safe=active&tbs=qdr:m&tbm=nws&source=lnt&sa=X&ved=0ahUKEwjqt4HjtOzVAhVY9GMKHYpxAQYQpwUIHQ
08/22/2017,michael+thomas,saints,/search?q=michael+thomas+saints&safe=active&tbs=qdr:y&tbm=nws&source=lnt&sa=X&ved=0ahUKEwjqt4HjtOzVAhVY9GMKHYpxAQYQpwUIHQ
08/22/2017,michael+thomas,saints,/search?q=michael+thomas+saints&safe=active&tbs=ar:1&tbm=nws&source=lnt&sa=X&ved=0ahUKEwjqt4HjtOzVAhVY9GMKHYpxAQYQpwUIHQ
08/22/2017,michael+thomas,saints,"/search?q=michael+thomas+saints&safe=active&tbs=cdr:1,cd_min:7/1/2016,cd_max:9/10/2016,sbd:1&tbm=nws&source=lnt&sa=X&ved=0ahUKEwjqt4HjtOzVAhVY9GMKHYpxAQYQpwUIHQ"
08/22/2017,michael+thomas,saints,http://www.espn.com/blog/nflnation/post/_/id/209771/wr-michael-thomas-revamped-d-breathe-new-life-into-saints-in-loss-to-patriots
08/22/2017,michael+thomas,saints,http://www.espn.com/blog/nflnation/post/_/id/209771/wr-michael-thomas-revamped-d-breathe-new-life-into-saints-in-loss-to-patriots
08/22/2017,michael+thomas,saints,http://www.nola.com/saints/index.ssf/2016/08/new_orleans_saints_rookie_mich.html
08/22/2017,michael+thomas,saints,http://www.theadvocate.com/new_orleans/sports/saints/article_f0f9f8f4-602f-11e6-8c0a-17dd2bf1f89d.html
08/22/2017,michael+thomas,saints,https://www.elevenwarriors.com/ohio-state-football/2016/08/72928/video-michael-thomas-hauls-in-two-beautiful-catches-in-nfl-debut-with-new-orleans-saints
08/22/2017,michael+thomas,saints,http://wgno.com/2016/08/11/ed-itorial-analysis-of-patriots-34-saints-22/
08/22/2017,michael+thomas,saints,http://boston.cbslocal.com/2016/08/11/patriots-live-blog-all-eyes-on-jimmy-garoppolo-as-saints-visit-foxboro/
08/22/2017,michael+thomas,saints,http://www.nola.com/saints/index.ssf/2016/08/new_orleans_saints_rookie_mich.html
08/22/2017,michael+thomas,saints,http://www.theadvocate.com/new_orleans/sports/saints/article_f0f9f8f4-602f-11e6-8c0a-17dd2bf1f89d.html
08/22/2017,michael+thomas,saints,https://www.elevenwarriors.com/ohio-state-football/2016/08/72928/video-michael-thomas-hauls-in-two-beautiful-catches-in-nfl-debut-with-new-orleans-saints
08/22/2017,michael+thomas,saints,http://wgno.com/2016/08/11/ed-itorial-analysis-of-patriots-34-saints-22/
08/22/2017,michael+thomas,saints,http://www.denverpost.com/2016/08/11/new-england-patriots-new-orleans-saints-week-1-preseason/
08/22/2017,michael+thomas,saints,http://boston.cbslocal.com/2016/08/11/patriots-live-blog-all-eyes-on-jimmy-garoppolo-as-saints-visit-foxboro/
08/22/2017,michael+thomas,saints,https://www.elevenwarriors.com/ohio-state-football/2016/09/73860/new-orleans-saints-list-michael-thomas-as-starting-wide-receiver
08/22/2017,michael+thomas,saints,https://www.elevenwarriors.com/ohio-state-football/2016/09/73860/new-orleans-saints-list-michael-thomas-as-starting-wide-receiver
08/22/2017,michael+thomas,saints,http://www.nola.com/saints/index.ssf/2016/09/new_orleans_saints_injury_repo_106.html
08/22/2017,michael+thomas,saints,http://www.theadvocate.com/new_orleans/sports/saints/article_af7af0e6-75f5-11e6-9b39-8b295737b0ff.html
08/22/2017,michael+thomas,saints,http://thespun.com/college-football/michael-thomas-named-a-starting-wide-receiver-for-the-saints
08/22/2017,michael+thomas,saints,https://whodatdish.com/2016/09/08/saints-release-first-depth-chart-for-2016-season/
08/22/2017,michael+thomas,saints,http://www.nola.com/saints/index.ssf/2016/09/new_orleans_saints_injury_repo_106.html
08/22/2017,michael+thomas,saints,http://www.theadvocate.com/new_orleans/sports/saints/article_af7af0e6-75f5-11e6-9b39-8b295737b0ff.html
08/22/2017,michael+thomas,saints,http://thespun.com/college-football/michael-thomas-named-a-starting-wide-receiver-for-the-saints
08/22/2017,michael+thomas,saints,https://whodatdish.com/2016/09/08/saints-release-first-depth-chart-for-2016-season/
08/22/2017,michael+thomas,saints,http://www.sunherald.com/sports/nfl/new-orleans-saints/brian-allee-walsh/article101096707.html
08/22/2017,michael+thomas,saints,http://www.theadvocate.com/new_orleans/sports/saints/article_2f19b20e-5776-11e6-a65b-6b03d8991973.html
08/22/2017,michael+thomas,saints,http://www.theadvocate.com/new_orleans/sports/saints/article_2f19b20e-5776-11e6-a65b-6b03d8991973.html
08/22/2017,michael+thomas,saints,http://www.sunherald.com/sports/nfl/new-orleans-saints/article93599277.html
08/22/2017,michael+thomas,saints,http://nflmocks.com/2016/08/02/new-orleans-saints-rookie-wr-michael-thomas-impressing/
08/22/2017,michael+thomas,saints,http://www.nola.com/saints/index.ssf/2016/07/michael_thomas_brandin_cooks_d.html
08/22/2017,michael+thomas,saints,http://www.nola.com/saints/index.ssf/2016/07/michael_thomas_brandin_cooks_d.html
08/22/2017,michael+thomas,saints,http://www.wdsu.com/article/rookie-wide-receiver-michael-thomas-dazzles-at-saints-training-camp-day-two/3609001
08/22/2017,michael+thomas,saints,http://campussports.net/2016/07/29/video-michael-thomas-makes-one-handed-snag-at-saints-camp/
08/22/2017,michael+thomas,saints,http://www.espn.com/blog/new-orleans-saints/post/_/id/22954/sean-paytons-fantasy-advice-on-michael-thomas-shoot-id-try-to-have-him
08/22/2017,michael+thomas,saints,http://www.espn.com/blog/new-orleans-saints/post/_/id/22954/sean-paytons-fantasy-advice-on-michael-thomas-shoot-id-try-to-have-him
08/22/2017,michael+thomas,saints,https://www.cbssports.com/nfl/news/sean-payton-names-this-saints-receiver-as-one-fantasy-football-owners-should-draft/
08/22/2017,michael+thomas,saints,http://profootballtalk.nbcsports.com/2016/08/24/sean-payton-id-try-to-get-michael-thomas-in-fantasy-football/
08/22/2017,michael+thomas,saints,https://www.canalstreetchronicles.com/2016/8/18/12535582/watch-saints-michael-thomas-makes-another-highlight-reel-catch
08/22/2017,michael+thomas,saints,https://www.canalstreetchronicles.com/2016/8/18/12535582/watch-saints-michael-thomas-makes-another-highlight-reel-catch
08/22/2017,michael+thomas,saints,http://whodatdish.com/2016/08/18/new-orleans-saints-play-of-the-day-august-18-2016/
08/22/2017,michael+thomas,saints,http://houston.cbslocal.com/2016/08/18/deandre-hopkins-is-a-big-deal-to-saints-players/
08/22/2017,michael+thomas,saints,http://www.pennlive.com/fantasy_football/2016/08/fantasy_football_2016_sleepers_6.html
08/22/2017,michael+thomas,saints,http://www.pennlive.com/fantasy_football/2016/08/fantasy_football_2016_sleepers_6.html
08/22/2017,michael+thomas,saints,http://www.nola.com/saints/index.ssf/2016/08/boomer_esiason_without_extensi.html
08/22/2017,michael+thomas,saints,http://www.sunherald.com/sports/article97372407.html
08/22/2017,michael+thomas,saints,http://www.nola.com/saints/index.ssf/2016/08/drew_brees_shines_outduels_tom.html
08/22/2017,michael+thomas,saints,http://www.nola.com/saints/index.ssf/2016/08/drew_brees_shines_outduels_tom.html
08/22/2017,michael+thomas,saints,http://nesn.com/2016/08/patriots-joint-practice-observations-cyrus-jones-stands-out-vs-saints/
08/22/2017,michael+thomas,saints,http://www.espn.com/blog/new-orleans-saints/post/_/id/22675/saints-patriots-primer-who-to-watch-besides-brady-brees-and-gronk
08/22/2017,michael+thomas,saints,https://nflspinzone.com/2016/07/22/new-orelans-saints-training-camp-willie-snead-vs-michael-thomas/
08/22/2017,michael+thomas,saints,https://nflspinzone.com/2016/07/22/new-orelans-saints-training-camp-willie-snead-vs-michael-thomas/
08/22/2017,michael+thomas,saints,https://www.upi.com/Sports_News/2016/07/22/NFL-Summer-Reset-New-Orleans-Saints-defense-has-bounty-of-problems/3741469162322/
08/22/2017,michael+thomas,saints,https://www.si.com/fantasy/2016/07/22/drew-brees-fantasy-football-2016-draft-prep
08/22/2017,michael+thomas,saints,http://www.nfl.com/news/story/0ap3000000684137/article/saints-stud-wr-michael-thomas-dazzles-in-opener
08/22/2017,michael+thomas,saints,http://www.nfl.com/news/story/0ap3000000684137/article/saints-stud-wr-michael-thomas-dazzles-in-opener
08/22/2017,michael+thomas,saints,https://www.cbssports.com/fantasy/football/news/saints-brandon-coleman-zero-receptions-in-preseason-opener/
08/22/2017,michael+thomas,saints,http://www.sunherald.com/sports/nfl/new-orleans-saints/article95505562.html
08/22/2017,michael+thomas,saints,http://www.espn.com/blog/nflnation/post/_/id/209811/sean-payton-in-no-mood-to-put-optimistic-spin-on-saints-opener
08/22/2017,michael+thomas,saints,"/search?q=michael+thomas+saints&safe=active&tbs=cdr:1,cd_min:7/1/2016,cd_max:9/10/2016&tbm=nws&ei=PvacWeqgE9jojwOK44Uw&start=10&sa=N"
08/22/2017,michael+thomas,saints,"/search?q=michael+thomas+saints&safe=active&tbs=cdr:1,cd_min:7/1/2016,cd_max:9/10/2016&tbm=nws&ei=PvacWeqgE9jojwOK44Uw&start=20&sa=N"
08/22/2017,michael+thomas,saints,"/search?q=michael+thomas+saints&safe=active&tbs=cdr:1,cd_min:7/1/2016,cd_max:9/10/2016&tbm=nws&ei=PvacWeqgE9jojwOK44Uw&start=30&sa=N"
08/22/2017,michael+thomas,saints,"/search?q=michael+thomas+saints&safe=active&tbs=cdr:1,cd_min:7/1/2016,cd_max:9/10/2016&tbm=nws&ei=PvacWeqgE9jojwOK44Uw&start=40&sa=N"
08/22/2017,michael+thomas,saints,"/search?q=michael+thomas+saints&safe=active&tbs=cdr:1,cd_min:7/1/2016,cd_max:9/10/2016&tbm=nws&ei=PvacWeqgE9jojwOK44Uw&start=50&sa=N"
08/22/2017,michael+thomas,saints,"/search?q=michael+thomas+saints&safe=active&tbs=cdr:1,cd_min:7/1/2016,cd_max:9/10/2016&tbm=nws&ei=PvacWeqgE9jojwOK44Uw&start=60&sa=N"
08/22/2017,michael+thomas,saints,"/search?q=michael+thomas+saints&safe=active&tbs=cdr:1,cd_min:7/1/2016,cd_max:9/10/2016&tbm=nws&ei=PvacWeqgE9jojwOK44Uw&start=70&sa=N"
08/22/2017,michael+thomas,saints,"/search?q=michael+thomas+saints&safe=active&tbs=cdr:1,cd_min:7/1/2016,cd_max:9/10/2016&tbm=nws&ei=PvacWeqgE9jojwOK44Uw&start=80&sa=N"
08/22/2017,michael+thomas,saints,"/search?q=michael+thomas+saints&safe=active&tbs=cdr:1,cd_min:7/1/2016,cd_max:9/10/2016&tbm=nws&ei=PvacWeqgE9jojwOK44Uw&start=90&sa=N"
08/22/2017,michael+thomas,saints,"/search?q=michael+thomas+saints&safe=active&tbs=cdr:1,cd_min:7/1/2016,cd_max:9/10/2016&tbm=nws&ei=PvacWeqgE9jojwOK44Uw&start=10&sa=N"
08/22/2017,michael+thomas,saints,javascript:void(0)
